{
  "total": 148,
  "pass@1_greedy": 0.3635135135135135,
  "pass@1": 0.35945945945945945,
  "pass@5": 0.43945731445731456,
  "pass@10": 0.4594594594594595
}