{
    "overall": {
        "pass@1": 0.3435146443514644,
        "pass@5": 0.4300491465763432,
        "pass@10": 0.45188284518828453
    },
    "difficulty_hard": {
        "pass@1": 0.10388349514563106,
        "pass@5": 0.1529126213592233,
        "pass@10": 0.1650485436893204
    },
    "difficulty_medium": {
        "pass@1": 0.28947368421052627,
        "pass@5": 0.41854636591478694,
        "pass@10": 0.4605263157894737
    },
    "difficulty_easy": {
        "pass@1": 0.8233333333333334,
        "pass@5": 0.9203703703703704,
        "pass@10": 0.9333333333333333
    }
}